insert into client (CLIENT_ID, CLIENT_NAME, IS_CLUB_MEMBER)
values (627, 'Rosanne', 1);

insert into client (CLIENT_ID, CLIENT_NAME, IS_CLUB_MEMBER)
values (496, 'Gwyneth', 1);

insert into client (CLIENT_ID, CLIENT_NAME, IS_CLUB_MEMBER)
values (818, 'Larry', 0);

insert into client (CLIENT_ID, CLIENT_NAME, IS_CLUB_MEMBER)
values (206, 'Joey', 0);

insert into client (CLIENT_ID, CLIENT_NAME, IS_CLUB_MEMBER)
values (563, 'Eliza', 0);

insert into client (CLIENT_ID, CLIENT_NAME, IS_CLUB_MEMBER)
values (126, 'Robin', 1);

insert into client (CLIENT_ID, CLIENT_NAME, IS_CLUB_MEMBER)
values (615, 'Gina', 1);

insert into client (CLIENT_ID, CLIENT_NAME, IS_CLUB_MEMBER)
values (551, 'Nastassja', 0);

insert into client (CLIENT_ID, CLIENT_NAME, IS_CLUB_MEMBER)
values (592, 'Angela', 0);

insert into client (CLIENT_ID, CLIENT_NAME, IS_CLUB_MEMBER)
values (898, 'Domingo', 0);

insert into client (CLIENT_ID, CLIENT_NAME, IS_CLUB_MEMBER)
values (700, 'Adam', 1);

insert into client (CLIENT_ID, CLIENT_NAME, IS_CLUB_MEMBER)
values (727, 'Simon', 0);

insert into client (CLIENT_ID, CLIENT_NAME, IS_CLUB_MEMBER)
values (115, 'Leon', 0);

insert into client (CLIENT_ID, CLIENT_NAME, IS_CLUB_MEMBER)
values (349, 'Anita', 1);

insert into client (CLIENT_ID, CLIENT_NAME, IS_CLUB_MEMBER)
values (244, 'Lauren', 1);

insert into CATEGORYS (CATEGORY_ID, CATEGORY_NAME)
values (100, 'irure ipsum do.');

insert into CATEGORYS (CATEGORY_ID, CATEGORY_NAME)
values (101, 'rerum sit. ');

insert into CATEGORYS (CATEGORY_ID, CATEGORY_NAME)
values (102, 'officiis. ');

insert into CATEGORYS (CATEGORY_ID, CATEGORY_NAME)
values (103, 'cum proident. ');

insert into CATEGORYS (CATEGORY_ID, CATEGORY_NAME)
values (105, 'dolor. ');

insert into CATEGORYS (CATEGORY_ID, CATEGORY_NAME)
values (104, 'est
');

insert into CATEGORYS (CATEGORY_ID, CATEGORY_NAME)
values (107, 'in
');

insert into CATEGORYS (CATEGORY_ID, CATEGORY_NAME)
values (110, 'mollit
');

insert into CATEGORYS (CATEGORY_ID, CATEGORY_NAME)
values (111, 'distinctio
');

insert into CATEGORYS (CATEGORY_ID, CATEGORY_NAME)
values (112, 'et
');

insert into CATEGORYS (CATEGORY_ID, CATEGORY_NAME)
values (115, 'et
');

insert into ORDER_PRODUCT (PRODUCT_ID, ORDER_ID)
values (101, 201);

insert into ORDER_PRODUCT (PRODUCT_ID, ORDER_ID)
values (101, 601);

insert into ORDER_PRODUCT (PRODUCT_ID, ORDER_ID)
values (102, 902);

insert into ORDER_PRODUCT (PRODUCT_ID, ORDER_ID)
values (104, 804);

insert into ORDER_PRODUCT (PRODUCT_ID, ORDER_ID)
values (110, 110);

insert into ORDER_PRODUCT (PRODUCT_ID, ORDER_ID)
values (110, 610);

insert into ORDER_PRODUCT (PRODUCT_ID, ORDER_ID)
values (110, 910);

insert into ORDER_PRODUCT (PRODUCT_ID, ORDER_ID)
values (111, 211);

insert into ORDER_PRODUCT (PRODUCT_ID, ORDER_ID)
values (111, 611);

insert into ORDER_PRODUCT (PRODUCT_ID, ORDER_ID)
values (117, 617);

insert into ORDER_PRODUCT (PRODUCT_ID, ORDER_ID)
values (120, 120);

insert into ORDER_PRODUCT (PRODUCT_ID, ORDER_ID)
values (124, 124);

insert into ORDER_PRODUCT (PRODUCT_ID, ORDER_ID)
values (126, 626);
insert into ORDERS (ORDER_ID, ORDER_DATE, DELLIVERY_DATE)
values (493, to_date('25-03-2025', 'dd-mm-yyyy'), to_date('03-06-2024', 'dd-mm-yyyy'));

insert into ORDERS (ORDER_ID, ORDER_DATE, DELLIVERY_DATE)
values (377, to_date('04-02-2026', 'dd-mm-yyyy'), to_date('23-05-2025', 'dd-mm-yyyy'));

insert into ORDERS (ORDER_ID, ORDER_DATE, DELLIVERY_DATE)
values (323, to_date('12-06-2026', 'dd-mm-yyyy'), to_date('10-04-2029', 'dd-mm-yyyy'));

insert into ORDERS (ORDER_ID, ORDER_DATE, DELLIVERY_DATE)
values (703, to_date('12-08-2025', 'dd-mm-yyyy'), to_date('24-12-2025', 'dd-mm-yyyy'));

insert into ORDERS (ORDER_ID, ORDER_DATE, DELLIVERY_DATE)
values (350, to_date('08-04-2025', 'dd-mm-yyyy'), to_date('14-11-2027', 'dd-mm-yyyy'));

insert into ORDERS (ORDER_ID, ORDER_DATE, DELLIVERY_DATE)
values (991, to_date('10-04-2026', 'dd-mm-yyyy'), to_date('25-09-2025', 'dd-mm-yyyy'));

insert into ORDERS (ORDER_ID, ORDER_DATE, DELLIVERY_DATE)
values (641, to_date('25-07-2026', 'dd-mm-yyyy'), to_date('27-09-2024', 'dd-mm-yyyy'));

insert into ORDERS (ORDER_ID, ORDER_DATE, DELLIVERY_DATE)
values (490, to_date('07-10-2030', 'dd-mm-yyyy'), to_date('30-03-2028', 'dd-mm-yyyy'));

insert into ORDERS (ORDER_ID, ORDER_DATE, DELLIVERY_DATE)
values (174, to_date('20-01-2028', 'dd-mm-yyyy'), to_date('15-06-2024', 'dd-mm-yyyy'));

insert into ORDERS (ORDER_ID, ORDER_DATE, DELLIVERY_DATE)
values (261, to_date('11-07-2030', 'dd-mm-yyyy'), to_date('24-02-2025', 'dd-mm-yyyy'));

insert into ORDERS (ORDER_ID, ORDER_DATE, DELLIVERY_DATE)
values (352, to_date('22-08-2029', 'dd-mm-yyyy'), to_date('09-10-2025', 'dd-mm-yyyy'));

insert into ORDERS (ORDER_ID, ORDER_DATE, DELLIVERY_DATE)
values (910, to_date('03-04-2030', 'dd-mm-yyyy'), to_date('20-06-2028', 'dd-mm-yyyy'));

insert into ORDERS (ORDER_ID, ORDER_DATE, DELLIVERY_DATE)
values (947, to_date('12-06-2026', 'dd-mm-yyyy'), to_date('25-06-2024', 'dd-mm-yyyy'));

insert into ORDER_SUPPLIER (SUPPLIER_ID, ORDER_ID)
values (101, 201);

insert into ORDER_SUPPLIER (SUPPLIER_ID, ORDER_ID)
values (101, 601);

insert into ORDER_SUPPLIER (SUPPLIER_ID, ORDER_ID)
values (102, 302);

insert into ORDER_SUPPLIER (SUPPLIER_ID, ORDER_ID)
values (102, 502);

insert into ORDER_SUPPLIER (SUPPLIER_ID, ORDER_ID)
values (109, 309);

insert into ORDER_SUPPLIER (SUPPLIER_ID, ORDER_ID)
values (110, 110);

insert into ORDER_SUPPLIER (SUPPLIER_ID, ORDER_ID)
values (110, 610);

insert into ORDER_SUPPLIER (SUPPLIER_ID, ORDER_ID)
values (111, 211);

insert into ORDER_SUPPLIER (SUPPLIER_ID, ORDER_ID)
values (111, 611);

insert into ORDER_SUPPLIER (SUPPLIER_ID, ORDER_ID)
values (114, 514);

insert into ORDER_SUPPLIER (SUPPLIER_ID, ORDER_ID)
values (117, 617);

insert into ORDER_SUPPLIER (SUPPLIER_ID, ORDER_ID)
values (118, 318);

insert into ORDER_SUPPLIER (SUPPLIER_ID, ORDER_ID)
values (118, 418);

insert into ORDER_WORKER (WORKER_ID, ORDER_ID)
values (103, 703);

insert into ORDER_WORKER (WORKER_ID, ORDER_ID)
values (104, 704);

insert into ORDER_WORKER (WORKER_ID, ORDER_ID)
values (104, 804);

insert into ORDER_WORKER (WORKER_ID, ORDER_ID)
values (109, 309);

insert into ORDER_WORKER (WORKER_ID, ORDER_ID)
values (111, 211);

insert into ORDER_WORKER (WORKER_ID, ORDER_ID)
values (111, 611);

insert into ORDER_WORKER (WORKER_ID, ORDER_ID)
values (118, 318);

insert into ORDER_WORKER (WORKER_ID, ORDER_ID)
values (118, 418);

insert into ORDER_WORKER (WORKER_ID, ORDER_ID)
values (120, 120);

insert into ORDER_WORKER (WORKER_ID, ORDER_ID)
values (120, 320);

insert into ORDER_WORKER (WORKER_ID, ORDER_ID)
values (123, 323);

insert into ORDER_WORKER (WORKER_ID, ORDER_ID)
values (123, 723);

insert into ORDER_WORKER (WORKER_ID, ORDER_ID)
values (124, 124);

insert into PRODUCTS (PRODUCT_ID, PRODUCT_NAME, QUANTITY, PRODUCT_PRICE, CATEGORY_ID)
values (100, 'Alden Systems', 0, 0, 100);

insert into PRODUCTS (PRODUCT_ID, PRODUCT_NAME, QUANTITY, PRODUCT_PRICE, CATEGORY_ID)
values (101, 'Montpelier Plas', 1, 1, 101);

insert into PRODUCTS (PRODUCT_ID, PRODUCT_NAME, QUANTITY, PRODUCT_PRICE, CATEGORY_ID)
values (102, 'Quality Assured', 2, 2, 102);

insert into PRODUCTS (PRODUCT_ID, PRODUCT_NAME, QUANTITY, PRODUCT_PRICE, CATEGORY_ID)
values (103, 'DaimlerChrysler', 3, 3, 103);

insert into PRODUCTS (PRODUCT_ID, PRODUCT_NAME, QUANTITY, PRODUCT_PRICE, CATEGORY_ID)
values (104, 'Parksite', 4, 4, 104);

insert into PRODUCTS (PRODUCT_ID, PRODUCT_NAME, QUANTITY, PRODUCT_PRICE, CATEGORY_ID)
values (105, 'SSCI', 5, 5, 105);

insert into PRODUCTS (PRODUCT_ID, PRODUCT_NAME, QUANTITY, PRODUCT_PRICE, CATEGORY_ID)
values (107, 'Dancor', 7, 7, 107);

insert into PRODUCTS (PRODUCT_ID, PRODUCT_NAME, QUANTITY, PRODUCT_PRICE, CATEGORY_ID)
values (109, 'Aloha NY System', 9, 9, 109);

insert into PRODUCTS (PRODUCT_ID, PRODUCT_NAME, QUANTITY, PRODUCT_PRICE, CATEGORY_ID)
values (110, 'Larkin Enterpri', 10, 10, 110);

insert into PRODUCTS (PRODUCT_ID, PRODUCT_NAME, QUANTITY, PRODUCT_PRICE, CATEGORY_ID)
values (111, 'AOL Time Warner', 11, 11, 111);

insert into PRODUCTS (PRODUCT_ID, PRODUCT_NAME, QUANTITY, PRODUCT_PRICE, CATEGORY_ID)
values (112, 'SafeHome Securi', 12, 12, 112);

insert into PRODUCTS (PRODUCT_ID, PRODUCT_NAME, QUANTITY, PRODUCT_PRICE, CATEGORY_ID)
values (113, 'Green Mountain ', 13, 13, 113);

insert into PRODUCTS (PRODUCT_ID, PRODUCT_NAME, QUANTITY, PRODUCT_PRICE, CATEGORY_ID)
values (114, 'Mission Control', 14, 14, 114);

insert into PURCHASE (PURCHASE_ID, PURCHASE_DATE, DELLIVERY_DATE)
values (604, to_date('27-03-2025', 'dd-mm-yyyy'), to_date('16-10-2027', 'dd-mm-yyyy'));

insert into PURCHASE (PURCHASE_ID, PURCHASE_DATE, DELLIVERY_DATE)
values (319, to_date('08-02-2025', 'dd-mm-yyyy'), to_date('02-05-2030', 'dd-mm-yyyy'));

insert into PURCHASE (PURCHASE_ID, PURCHASE_DATE, DELLIVERY_DATE)
values (348, to_date('28-03-2025', 'dd-mm-yyyy'), to_date('27-01-2025', 'dd-mm-yyyy'));

insert into PURCHASE (PURCHASE_ID, PURCHASE_DATE, DELLIVERY_DATE)
values (179, to_date('15-08-2025', 'dd-mm-yyyy'), to_date('14-08-2027', 'dd-mm-yyyy'));

insert into PURCHASE (PURCHASE_ID, PURCHASE_DATE, DELLIVERY_DATE)
values (388, to_date('23-12-2026', 'dd-mm-yyyy'), to_date('07-05-2029', 'dd-mm-yyyy'));

insert into PURCHASE (PURCHASE_ID, PURCHASE_DATE, DELLIVERY_DATE)
values (863, to_date('24-07-2025', 'dd-mm-yyyy'), to_date('14-03-2026', 'dd-mm-yyyy'));

insert into PURCHASE (PURCHASE_ID, PURCHASE_DATE, DELLIVERY_DATE)
values (116, to_date('21-05-2029', 'dd-mm-yyyy'), to_date('23-12-2025', 'dd-mm-yyyy'));

insert into PURCHASE (PURCHASE_ID, PURCHASE_DATE, DELLIVERY_DATE)
values (814, to_date('22-07-2029', 'dd-mm-yyyy'), to_date('05-08-2026', 'dd-mm-yyyy'));

insert into PURCHASE (PURCHASE_ID, PURCHASE_DATE, DELLIVERY_DATE)
values (474, to_date('04-01-2024', 'dd-mm-yyyy'), to_date('01-06-2024', 'dd-mm-yyyy'));

insert into PURCHASE (PURCHASE_ID, PURCHASE_DATE, DELLIVERY_DATE)
values (436, to_date('02-08-2028', 'dd-mm-yyyy'), to_date('21-10-2024', 'dd-mm-yyyy'));

insert into PURCHASE (PURCHASE_ID, PURCHASE_DATE, DELLIVERY_DATE)
values (339, to_date('11-09-2025', 'dd-mm-yyyy'), to_date('17-01-2030', 'dd-mm-yyyy'));

insert into PURCHASE (PURCHASE_ID, PURCHASE_DATE, DELLIVERY_DATE)
values (464, to_date('19-11-2028', 'dd-mm-yyyy'), to_date('06-02-2025', 'dd-mm-yyyy'));

insert into PURCHASE (PURCHASE_ID, PURCHASE_DATE, DELLIVERY_DATE)
values (676, to_date('29-05-2025', 'dd-mm-yyyy'), to_date('20-01-2030', 'dd-mm-yyyy'));

insert into PURCHASE_PRODUCT (PRODUCT_ID, PURCHASE_ID)
values (101, 101);

insert into PURCHASE_PRODUCT (PRODUCT_ID, PURCHASE_ID)
values (101, 162);

insert into PURCHASE_PRODUCT (PRODUCT_ID, PURCHASE_ID)
values (104, 104);

insert into PURCHASE_PRODUCT (PRODUCT_ID, PURCHASE_ID)
values (105, 105);

insert into PURCHASE_PRODUCT (PRODUCT_ID, PURCHASE_ID)
values (107, 814);

insert into PURCHASE_PRODUCT (PRODUCT_ID, PURCHASE_ID)
values (109, 183);

insert into PURCHASE_PRODUCT (PRODUCT_ID, PURCHASE_ID)
values (109, 811);

insert into PURCHASE_PRODUCT (PRODUCT_ID, PURCHASE_ID)
values (109, 956);

insert into PURCHASE_PRODUCT (PRODUCT_ID, PURCHASE_ID)
values (110, 110);

insert into PURCHASE_PRODUCT (PRODUCT_ID, PURCHASE_ID)
values (111, 111);

insert into PURCHASE_PRODUCT (PRODUCT_ID, PURCHASE_ID)
values (116, 116);

insert into PURCHASE_PRODUCT (PRODUCT_ID, PURCHASE_ID)
values (116, 183);

insert into PURCHASE_PRODUCT (PRODUCT_ID, PURCHASE_ID)
values (116, 339);

insert into PURCHASE_WORKER (WORKER_ID, PURCHASE_ID)
values (104, 104);

insert into PURCHASE_WORKER (WORKER_ID, PURCHASE_ID)
values (104, 208);

insert into PURCHASE_WORKER (WORKER_ID, PURCHASE_ID)
values (104, 811);

insert into PURCHASE_WORKER (WORKER_ID, PURCHASE_ID)
values (105, 105);

insert into PURCHASE_WORKER (WORKER_ID, PURCHASE_ID)
values (106, 106);

insert into PURCHASE_WORKER (WORKER_ID, PURCHASE_ID)
values (108, 208);

insert into PURCHASE_WORKER (WORKER_ID, PURCHASE_ID)
values (111, 111);

insert into PURCHASE_WORKER (WORKER_ID, PURCHASE_ID)
values (116, 116);

insert into PURCHASE_WORKER (WORKER_ID, PURCHASE_ID)
values (118, 118);

insert into PURCHASE_WORKER (WORKER_ID, PURCHASE_ID)
values (120, 120);

insert into PURCHASE_WORKER (WORKER_ID, PURCHASE_ID)
values (121, 121);

insert into PURCHASE_WORKER (WORKER_ID, PURCHASE_ID)
values (123, 123);

insert into SUPPLIER (SUPPLIER_ID, SUPPLIER_NAME, REGION)
values (100, 'Judy', 'Maarssen');

insert into SUPPLIER (SUPPLIER_ID, SUPPLIER_NAME, REGION)
values (101, 'Steve', 'Franklin');

insert into SUPPLIER (SUPPLIER_ID, SUPPLIER_NAME, REGION)
values (102, 'Val', 'Sorocaba');

insert into SUPPLIER (SUPPLIER_ID, SUPPLIER_NAME, REGION)
values (103, 'Chloe', 'Morioka');

insert into SUPPLIER (SUPPLIER_ID, SUPPLIER_NAME, REGION)
values (104, 'Jody', 'Tlalpan');

insert into SUPPLIER (SUPPLIER_ID, SUPPLIER_NAME, REGION)
values (105, 'Raymond', 'Gummersbach');

insert into SUPPLIER (SUPPLIER_ID, SUPPLIER_NAME, REGION)
values (106, 'Ivan', 'Tokyo');

insert into SUPPLIER (SUPPLIER_ID, SUPPLIER_NAME, REGION)
values (107, 'Dom', 'Springville');

insert into SUPPLIER (SUPPLIER_ID, SUPPLIER_NAME, REGION)
values (108, 'Buffy', 'Montreal');

insert into SUPPLIER (SUPPLIER_ID, SUPPLIER_NAME, REGION)
values (109, 'Liev', 'Monroe');

insert into SUPPLIER (SUPPLIER_ID, SUPPLIER_NAME, REGION)
values (110, 'Kate', 'Stanford');

insert into SUPPLIER (SUPPLIER_ID, SUPPLIER_NAME, REGION)
values (111, 'Vonda', 'Wakayama');

insert into SUPPLIER (SUPPLIER_ID, SUPPLIER_NAME, REGION)
values (112, 'Natascha', 'Chur');

insert into WORKER (WORKER_NAME, WORKER_ID, START_OF_WORK_DATE)
values ('wNIphurCXr', 158, to_date('22-01-2027', 'dd-mm-yyyy'));

insert into WORKER (WORKER_NAME, WORKER_ID, START_OF_WORK_DATE)
values ('puxetLwKiI', 657, to_date('16-11-2026', 'dd-mm-yyyy'));

insert into WORKER (WORKER_NAME, WORKER_ID, START_OF_WORK_DATE)
values ('CQdRtxWwse', 794, to_date('22-02-2024', 'dd-mm-yyyy'));

insert into WORKER (WORKER_NAME, WORKER_ID, START_OF_WORK_DATE)
values ('fBQlCbHYDF', 640, to_date('10-08-2026', 'dd-mm-yyyy'));

insert into WORKER (WORKER_NAME, WORKER_ID, START_OF_WORK_DATE)
values ('VVZPsTNsdu', 131, to_date('09-02-2029', 'dd-mm-yyyy'));

insert into WORKER (WORKER_NAME, WORKER_ID, START_OF_WORK_DATE)
values ('WenaOnSMuX', 381, to_date('03-01-2027', 'dd-mm-yyyy'));

insert into WORKER (WORKER_NAME, WORKER_ID, START_OF_WORK_DATE)
values ('qHyXvQubmi', 651, to_date('28-06-2030', 'dd-mm-yyyy'));

insert into WORKER (WORKER_NAME, WORKER_ID, START_OF_WORK_DATE)
values ('uRcpOpRhcl', 269, to_date('25-01-2030', 'dd-mm-yyyy'));

insert into WORKER (WORKER_NAME, WORKER_ID, START_OF_WORK_DATE)
values ('tSfOPJzCuC', 172, to_date('03-02-2025', 'dd-mm-yyyy'));

insert into WORKER (WORKER_NAME, WORKER_ID, START_OF_WORK_DATE)
values ('LbSDWHroML', 289, to_date('23-09-2024', 'dd-mm-yyyy'));

insert into WORKER (WORKER_NAME, WORKER_ID, START_OF_WORK_DATE)
values ('XSMzHonvPn', 541, to_date('21-03-2028', 'dd-mm-yyyy'));

insert into WORKER (WORKER_NAME, WORKER_ID, START_OF_WORK_DATE)
values ('yBETYoLSLE', 844, to_date('12-02-2024', 'dd-mm-yyyy'));

insert into WORKER (WORKER_NAME, WORKER_ID, START_OF_WORK_DATE)
values ('jYbNUuafyx', 705, to_date('11-10-2024', 'dd-mm-yyyy'));

insert into PURCHASE_CLIENT (CLIENT_ID, PURCHASE_ID)
values (1, 677);

insert into PURCHASE_CLIENT (CLIENT_ID, PURCHASE_ID)
values (1, 852);

insert into PURCHASE_CLIENT (CLIENT_ID, PURCHASE_ID)
values (2, 843);

insert into PURCHASE_CLIENT (CLIENT_ID, PURCHASE_ID)
values (3, 814);

insert into PURCHASE_CLIENT (CLIENT_ID, PURCHASE_ID)
values (5, 319);

insert into PURCHASE_CLIENT (CLIENT_ID, PURCHASE_ID)
values (9, 208);

insert into PURCHASE_CLIENT (CLIENT_ID, PURCHASE_ID)
values (9, 605);

insert into PURCHASE_CLIENT (CLIENT_ID, PURCHASE_ID)
values (9, 611);

insert into PURCHASE_CLIENT (CLIENT_ID, PURCHASE_ID)
values (13, 814);

insert into PURCHASE_CLIENT (CLIENT_ID, PURCHASE_ID)
values (19, 123);

insert into PURCHASE_CLIENT (CLIENT_ID, PURCHASE_ID)
values (22, 183);

insert into PURCHASE_CLIENT (CLIENT_ID, PURCHASE_ID)
values (23, 611);

insert into PURCHASE_CLIENT (CLIENT_ID, PURCHASE_ID)
values (24, 388);




