"PRODUCT_ID","ORDER_ID"
"101","201"
"101","601"
"102","902"
"104","804"
"110","110"
"110","610"
"110","910"
"111","211"
"111","611"
"117","617"
"120","120"
"124","124"
"126","626"
"127","827"
"127","927"
"130","130"
"133","233"
"133","833"
"135","835"
"139","139"
"141","641"
"142","142"
"145","945"
"147","947"
"156","656"
"157","657"
"159","159"
"159","859"
"167","667"
"172","272"
"174","174"
"177","877"
"178","178"
"184","984"
"191","191"
"191","991"
"192","692"
"192","892"
"196","996"
"199","299"
"201","101"
"201","201"
"201","601"
"202","302"
"202","702"
"202","902"
"203","703"
"204","104"
"204","704"
"205","105"
"209","109"
"209","309"
"210","110"
"210","610"
"210","910"
"211","111"
"211","211"
"211","611"
"212","112"
"217","617"
"218","318"
"220","120"
"220","320"
"223","323"
"223","723"
"224","124"
"226","626"
"227","927"
"230","130"
"231","131"
"231","331"
"233","133"
"233","233"
"235","135"
"239","139"
"241","641"
"242","142"
"244","144"
"245","145"
"245","945"
"247","147"
"247","947"
"248","148"
"256","656"
"257","657"
"259","159"
"263","163"
"264","164"
"264","764"
"266","166"
"267","167"
"267","667"
"272","272"
"274","174"
"277","177"
"277","377"
"278","178"
"283","183"
"284","984"
"288","388"
"291","191"
"291","991"
"292","192"
"292","692"
"296","996"
"299","299"
"300","200"
"301","201"
"302","302"
"302","702"
"302","902"
"303","703"
"304","204"
"304","704"
"304","804"
"309","309"
"310","110"
"310","210"
"310","910"
"311","211"
"312","212"
"313","213"
"318","318"
"318","418"
"320","120"
"320","220"
"320","320"
"321","221"
"323","323"
"323","723"
"324","124"
"324","224"
"327","827"
"327","927"
"330","130"
"330","230"
"331","331"
"332","232"
"332","432"
"333","233"
"333","833"
"335","835"
"339","139"
"342","142"
"344","444"
"345","945"
"347","947"
"356","256"
"359","159"
"359","259"
"359","859"
"364","264"
"364","764"
"366","266"
"371","271"
"372","272"
"374","174"
"377","277"
"377","377"
"377","877"
"378","178"
"384","984"
"388","388"
"391","191"
"391","991"
"392","892"
"395","295"
"395","495"
"396","996"
"399","299"
"400","300"
"401","301"
"402","302"
"402","902"
"404","304"
"404","804"
"405","305"
"407","307"
"409","309"
"410","110"
"410","310"
"410","910"
"411","311"
"413","313"
"415","315"
"416","316"
"418","318"
"418","418"
"420","120"
"420","320"
"421","321"
"423","323"
"424","124"
"426","326"
"427","327"
"427","827"
"427","927"
"430","130"
"430","330"
"431","331"
"432","332"
"432","432"
"433","833"
"435","335"
"435","835"
"436","336"
"439","139"
"439","339"
"440","340"
"442","142"
"442","342"
"443","343"
"444","444"
"445","945"
"447","947"
"459","159"
"459","359"
"459","859"
"466","366"
"467","367"
"471","371"
"474","174"
"477","377"
"477","877"
"478","178"
"478","378"
"483","383"
"484","984"
"488","388"
"491","191"
"491","391"
"491","991"
"492","892"
"495","395"
"495","495"
"496","396"
"496","996"
"500","400"
"501","201"
"502","502"
"502","902"
"503","403"
"504","404"
"509","409"
"510","110"
"510","410"
"510","910"
"511","211"
"511","411"
"514","414"
"514","514"
"517","417"
"518","418"
"520","120"
"520","420"
"521","421"
"523","423"
"524","124"
"527","927"
"528","428"
"529","429"
"530","130"
"532","432"
"533","233"
"533","433"
"536","436"
"539","139"
"539","439"
"540","440"
"540","540"
"542","142"
"542","442"
"544","444"
"545","445"
"545","945"
"547","947"
"553","553"
"557","557"
"559","159"
"567","567"
"571","471"
"572","272"
"572","572"
"574","174"
"574","474"
"577","577"
"578","178"
"578","478"
"584","984"
"591","191"
"591","491"
"591","991"
"595","495"
"596","496"
"596","996"
"599","299"
"600","500"
"601","201"
"601","601"
"602","502"
"604","504"
"605","505"
"608","508"
"610","610"
"611","211"
"611","611"
"614","514"
"615","515"
"617","617"
"625","525"
"626","626"
"631","531"
"633","233"
"633","533"
"635","535"
"636","536"
"637","537"
"640","540"
"641","541"
"641","641"
"643","543"
"646","246"
"647","547"
"653","553"
"655","555"
"656","556"
"656","656"
"657","557"
"657","657"
"665","565"
"665","665"
"667","567"
"667","667"
"669","569"
"671","571"
"672","272"
"672","572"
"674","574"
"677","577"
"680","580"
"682","582"
"684","584"
"689","589"
"692","592"
"692","692"
"699","299"
"699","599"
"701","201"
"701","601"
"702","302"
"702","502"
"702","702"
"703","603"
"703","703"
"704","604"
"704","704"
"708","608"
"709","309"
"709","609"
"710","610"
"711","211"
"711","611"
"714","514"
"715","615"
"717","617"
"718","318"
"719","619"
"720","320"
"720","620"
"722","622"
"723","323"
"723","723"
"726","626"
"727","627"
"728","628"
"730","630"
"731","331"
"732","632"
"733","233"
"733","633"
"734","734"
"735","635"
"737","737"
"738","638"
"740","540"
"740","640"
"741","641"
"742","642"
"743","643"
"744","644"
"745","645"
"746","246"
"747","647"
"749","249"
"750","350"
"750","650"
"751","651"
"752","352"
"753","553"
"753","653"
"754","354"
"755","555"
"756","656"
"757","557"
"757","657"
"761","261"
"761","361"
"761","561"
"762","362"
"764","764"
"765","565"
"765","665"
"767","567"
"767","667"
"768","668"
"770","670"
"772","272"
"772","572"
"775","675"
"776","676"
"777","377"
"777","577"
"778","678"
"779","679"
"781","381"
"781","681"
"783","683"
"786","786"
"787","687"
"788","388"
"791","691"
"792","692"
"796","696"
"797","597"
"799","299"
"800","700"
"801","601"
"801","701"
"802","302"
"802","702"
"803","703"
"804","704"
"804","804"
"806","706"
"808","708"
"809","309"
"810","610"
"810","710"
"811","611"
"814","714"
"816","716"
"818","318"
"820","320"
"820","720"
"821","721"
"823","323"
"823","723"
"824","724"
"825","725"
"826","626"
"827","727"
"827","827"
"829","729"
"830","730"
"831","331"
"832","732"
"833","833"
"834","734"
"835","835"
"836","736"
"837","737"
"839","739"
"841","641"
"844","744"
"845","745"
"847","747"
"848","748"
"849","749"
"850","350"
"850","750"
"852","352"
"853","753"
"854","354"
"854","754"
"856","656"
"856","756"
"857","657"
"857","757"
"859","859"
"861","361"
"862","362"
"862","762"
"863","763"
"864","764"
"865","665"
"866","766"
"867","667"
"872","772"
"875","775"
"876","776"
"877","377"
"877","777"
"877","877"
"878","778"
"880","780"
"881","381"
"882","782"
"883","783"
"886","786"
"888","388"
"889","889"
"890","890"
"891","791"
"892","692"
"892","792"
"892","892"
"893","893"
"895","795"
"897","897"
"898","798"
