"WORKER_ID","ORDER_ID"
"103","703"
"104","704"
"104","804"
"109","309"
"111","211"
"111","611"
"118","318"
"118","418"
"120","120"
"120","320"
"123","323"
"123","723"
"124","124"
"126","626"
"127","827"
"127","927"
"130","130"
"131","331"
"134","734"
"135","835"
"137","737"
"139","139"
"140","540"
"142","142"
"144","444"
"146","246"
"146","946"
"147","947"
"149","249"
"150","350"
"152","352"
"153","553"
"154","154"
"154","354"
"159","159"
"159","859"
"164","764"
"165","565"
"165","665"
"172","272"
"172","572"
"173","473"
"177","377"
"177","577"
"177","877"
"179","479"
"184","984"
"185","185"
"186","186"
"186","786"
"188","388"
"190","490"
"190","890"
"191","191"
"191","991"
"193","493"
"193","893"
"196","996"
"199","299"
"201","201"
"201","601"
"202","302"
"202","502"
"202","702"
"202","902"
"203","703"
"204","704"
"204","804"
"209","309"
"211","211"
"211","611"
"218","318"
"218","418"
"223","323"
"223","723"
"227","827"
"227","927"
"232","432"
"233","233"
"233","833"
"234","734"
"237","737"
"239","139"
"241","641"
"242","142"
"244","444"
"245","945"
"247","947"
"249","249"
"250","350"
"252","352"
"254","154"
"254","354"
"256","656"
"257","557"
"257","657"
"259","159"
"259","859"
"264","764"
"267","567"
"267","667"
"272","272"
"272","572"
"274","174"
"277","377"
"277","577"
"277","877"
"278","178"
"279","479"
"281","181"
"281","381"
"285","185"
"286","186"
"286","786"
"288","388"
"289","889"
"291","191"
"291","991"
"292","692"
"292","892"
"293","493"
"293","893"
"296","996"
"297","597"
"297","897"
"302","302"
"302","502"
"302","702"
"302","902"
"303","703"
"304","704"
"304","804"
"311","211"
"311","611"
"317","617"
"318","318"
"318","418"
"320","120"
"320","320"
"322","422"
"323","323"
"323","723"
"324","124"
"331","331"
"332","432"
"334","734"
"335","835"
"339","139"
"340","540"
"341","641"
"346","246"
"346","946"
"347","947"
"352","352"
"353","553"
"354","154"
"354","354"
"355","555"
"357","557"
"357","657"
"359","159"
"359","859"
"361","261"
"361","361"
"361","561"
"361","961"
"365","565"
"365","665"
"367","567"
"367","667"
"373","473"
"377","377"
"377","577"
"377","877"
"381","181"
"381","381"
"388","388"
"390","490"
"390","890"
"392","692"
"392","892"
"393","493"
"393","893"
"398","198"
"398","998"
"399","299"
"401","201"
"401","601"
"402","302"
"402","502"
"402","702"
"402","902"
"409","309"
"410","110"
"410","610"
"410","910"
"414","514"
"418","318"
"418","418"
"422","422"
"432","432"
"433","233"
"433","833"
"434","734"
"441","641"
"442","142"
"445","945"
"446","246"
"446","946"
"449","249"
"450","350"
"454","154"
"454","354"
"455","555"
"457","557"
"457","657"
"462","362"
"464","764"
"465","565"
"465","665"
"472","272"
"472","572"
"477","377"
"477","577"
"477","877"
"478","178"
"481","181"
"481","381"
"489","889"
"496","996"
"497","597"
"497","897"
"498","198"
"498","998"
"501","201"
"501","601"
"502","302"
"502","502"
"502","702"
"502","902"
"503","703"
"504","704"
"504","804"
"509","309"
"510","110"
"510","610"
"510","910"
"514","514"
"518","318"
"518","418"
"520","120"
"520","320"
"522","422"
"523","323"
"523","723"
"526","626"
"527","827"
"527","927"
"531","331"
"533","233"
"533","833"
"539","139"
"541","641"
"542","142"
"544","444"
"545","945"
"546","246"
"546","946"
"549","249"
"552","352"
"557","557"
"557","657"
"561","261"
"561","361"
"561","561"
"561","961"
"564","764"
"565","565"
"565","665"
"572","272"
"572","572"
"574","174"
"575","175"
"577","377"
"577","577"
"577","877"
"578","178"
"579","479"
"584","984"
"585","185"
"586","186"
"586","786"
"588","388"
"589","889"
"590","490"
"590","890"
"591","191"
"591","991"
"592","692"
"592","892"
"593","493"
"593","893"
"596","996"
"598","198"
"598","998"
"599","299"
"601","201"
"610","110"
"611","211"
"614","514"
"618","318"
"618","418"
"624","124"
"630","130"
"632","432"
"640","540"
"642","142"
"649","249"
"657","557"
"661","261"
"661","361"
"661","561"
"662","362"
"665","565"
"667","567"
"673","473"
"679","479"
"681","381"
"688","388"
"695","495"
"710","110"
"722","422"
"730","130"
"731","331"
"732","432"
"733","233"
"739","139"
"742","142"
"744","444"
"746","246"
"749","249"
"750","350"
"757","557"
"761","261"
"761","361"
"761","561"
"762","362"
"765","565"
"773","473"
"774","174"
"775","175"
"778","178"
"779","479"
"781","181"
"781","381"
"786","186"
"788","388"
"790","490"
"791","191"
"793","493"
"797","597"
"799","299"
"801","201"
"802","302"
"802","502"
"820","320"
"822","422"
"832","432"
"833","233"
"844","444"
"850","350"
"852","352"
"855","555"
"861","261"
"861","361"
"861","561"
"862","362"
"865","565"
"867","567"
"873","473"
"877","377"
"877","577"
"879","479"
"888","388"
"890","490"
"902","302"
"902","502"
"909","309"
"920","320"
"931","331"
"932","432"
"940","540"
"944","444"
"950","350"
"952","352"
"955","555"
"961","361"
"961","561"
"965","565"
"972","572"
"973","473"
"979","479"
"990","490"
"993","493"
